model,condition,history,mode,scenario_type,successes,episodes,success_rate
llama3.2:3b,A,plain,json,invalid_arguments,0,10,0.0%
llama3.2:3b,A,plain,json,malformed_output,10,10,100.0%
llama3.2:3b,A,plain,json,persistent_unavailability,0,10,0.0%
llama3.2:3b,A,plain,json,plausible_incorrect_output,2,10,20.0%
llama3.2:3b,A,plain,json,temporary_timeout,0,10,0.0%
llama3.2:3b,B,structured,json,invalid_arguments,0,10,0.0%
llama3.2:3b,B,structured,json,malformed_output,6,10,60.0%
llama3.2:3b,B,structured,json,persistent_unavailability,0,10,0.0%
llama3.2:3b,B,structured,json,plausible_incorrect_output,2,10,20.0%
llama3.2:3b,B,structured,json,temporary_timeout,8,10,80.0%
llama3.2:3b,C,plain,schema,invalid_arguments,10,10,100.0%
llama3.2:3b,C,plain,schema,malformed_output,10,10,100.0%
llama3.2:3b,C,plain,schema,persistent_unavailability,0,10,0.0%
llama3.2:3b,C,plain,schema,plausible_incorrect_output,2,10,20.0%
llama3.2:3b,C,plain,schema,temporary_timeout,0,10,0.0%
llama3.2:3b,D,structured,schema,invalid_arguments,10,10,100.0%
llama3.2:3b,D,structured,schema,malformed_output,6,10,60.0%
llama3.2:3b,D,structured,schema,persistent_unavailability,0,10,0.0%
llama3.2:3b,D,structured,schema,plausible_incorrect_output,2,10,20.0%
llama3.2:3b,D,structured,schema,temporary_timeout,8,10,80.0%
qwen3:4b,A,plain,json,invalid_arguments,0,10,0.0%
qwen3:4b,A,plain,json,malformed_output,0,10,0.0%
qwen3:4b,A,plain,json,persistent_unavailability,0,10,0.0%
qwen3:4b,A,plain,json,plausible_incorrect_output,0,10,0.0%
qwen3:4b,A,plain,json,temporary_timeout,0,10,0.0%
qwen3:4b,B,structured,json,invalid_arguments,2,10,20.0%
qwen3:4b,B,structured,json,malformed_output,0,10,0.0%
qwen3:4b,B,structured,json,persistent_unavailability,0,10,0.0%
qwen3:4b,B,structured,json,plausible_incorrect_output,0,10,0.0%
qwen3:4b,B,structured,json,temporary_timeout,2,10,20.0%
qwen3:4b,C,plain,schema,invalid_arguments,10,10,100.0%
qwen3:4b,C,plain,schema,malformed_output,10,10,100.0%
qwen3:4b,C,plain,schema,persistent_unavailability,0,10,0.0%
qwen3:4b,C,plain,schema,plausible_incorrect_output,0,10,0.0%
qwen3:4b,C,plain,schema,temporary_timeout,10,10,100.0%
qwen3:4b,D,structured,schema,invalid_arguments,10,10,100.0%
qwen3:4b,D,structured,schema,malformed_output,10,10,100.0%
qwen3:4b,D,structured,schema,persistent_unavailability,0,10,0.0%
qwen3:4b,D,structured,schema,plausible_incorrect_output,0,10,0.0%
qwen3:4b,D,structured,schema,temporary_timeout,10,10,100.0%
