condition,history,mode,scenario_type,episodes,successes,success_rate
A,plain,json,invalid_arguments,5,0,0.0%
A,plain,json,persistent_unavailability,5,0,0.0%
A,plain,json,temporary_timeout,5,0,0.0%
A,plain,json,malformed_output,5,0,0.0%
A,plain,json,plausible_incorrect_output,5,0,0.0%
B,structured,json,invalid_arguments,5,1,20.0%
B,structured,json,persistent_unavailability,5,0,0.0%
B,structured,json,temporary_timeout,5,1,20.0%
B,structured,json,malformed_output,5,0,0.0%
B,structured,json,plausible_incorrect_output,5,0,0.0%
C,plain,schema,invalid_arguments,5,5,100.0%
C,plain,schema,persistent_unavailability,5,0,0.0%
C,plain,schema,temporary_timeout,5,5,100.0%
C,plain,schema,malformed_output,5,5,100.0%
C,plain,schema,plausible_incorrect_output,5,0,0.0%
D,structured,schema,invalid_arguments,5,5,100.0%
D,structured,schema,persistent_unavailability,5,0,0.0%
D,structured,schema,temporary_timeout,5,5,100.0%
D,structured,schema,malformed_output,5,5,100.0%
D,structured,schema,plausible_incorrect_output,5,0,0.0%
